"religion","textuality","literature","intellect","law","international_conflict","fashion","museum","virtual","archaeology","art","history","digital","music","theatre","linguistics","gender_sexuality","urban","climate_change","education","media","healthcare","creative_economy","race_equality","minority_identity","knowledge_exchange","public_engagement","heritage_site","collaboration","policy","global","point_of_view"
"religious","scholar","write","science","policy","international","design","museum","digital","heritage","art","history","datum","music","audience","language","woman","design","future","school","film","social","art","memory","people","workshop","people","heritage","build","social","international","approach"
"identity","early","literature","world","system","world","industry","exhibition","design","site","culture","historical","digital","audience","performance","english","gender","local","local","material","medium","life","design","movement","story","knowledge","organisation","national","engagement","organisation","culture","context"
"tradition","text","text","mean","government","political","production","material","creative","past","event","local","resource","performance","theatre","translation","right","place","change","resource","audience","health","opportunity","trade","narrative","event","creative","local","collaboration","policy","world","relationship"
"religion","print","book","think","law","global","market","collection","audience","archaeological","audience","resource","researcher","sound","play","linguistic","women","space","environment","education","production","need","creative","black","identity","professional","engagement","value","share","change","political","draw"
"church","edition","publish","question","right","conflict","fashion","archive","technology","landscape","creative","archive","access","musical","production","word","justice","plan","environmental","learn","festival","service","sector","activist","memory","international","share","area","partner","finding","global","question"
"faith","scholarly","library","concern","legal","government","print","object","immersive","remain","artist","society","online","dance","stage","translate","violence","centre","nature","student","video","care","fund","caribbean","voice","practitioner","learn","site","programme","evidence","region","perspective"
"belief","ancient","literary","nature","state","war","product","visitor","interactive","archaeology","engagement","past","user","musician","company","speak","equality","city","management","teacher","cinema","wellbeing","collaboration","african","diversity","audience","partner","visitor","collaborative","report","state","field"
"muslim","manuscript","read","system","justice","state","craft","display","game","medieval","contemporary","period","information","listen","perform","speaker","man","site","landscape","teach","documentary","disability","partner","slavery","movement","member","participant","regional","partnership","government","power","insight"
"jewish","greek","writer","human","crime","refugee","textile","gallery","3d","artefact","performance","british","collection","song","drama","speech","sexual","environment","sustainable","educational","bbc","medical","industry","protest","migration","discussion","programme","cultural_heritage","train","policy_maker","nation","shape"
"christian","latin","translation","theory","reform","actor","manufacture","curator","vr","ancient","visual","century","tool","audio","venue","deaf","female","map","risk","young_people","television","mental_health","economic","slave","migrant","participant","young_people","landscape","follow-on","inform","european","discipline"
"cathedral","inscription","poetry","scientific","criminal","protection","designer","artefact","virtual","roman","theatre","record","open","recording","performer","e.g","queer","urban","natural","curriculum","screen","dementia","innovation","africa","activist","series","participatory","historic","original","cultural_value","europe","different"
"islamic","edit","edition","philosophy","ethic","violence","company","institution","app","excavation","exchange","early","technology","concert","shakespeare","form","sport","house","climate_change","child","broadcast","healthcare","partnership","traffic","india","conference","process","tourism","team","review","indigenous","process"
"islam","volume","reader","scientist","court","peace","colour","image","potential","archaeologist","artistic","britain","record","live","amateur","sign","feminist","town","sustainability","pupil","filmmakers","death","business","south_africa","indian","disseminate","method","wale","ahrc","stakeholder","colonial","form"
"bible","name","author","ethic","regulation","humanitarian","process","visit","digital_technology","result","artwork","modern","available","performer","royal","multilingual","male","architecture","climate","train","tv","patient","economy","holocaust","minority","field","young","scotland","deliver","debate","foreign","address"
"spiritual","egypt","fiction","philosophical","human_right","ngos","consumer","exhibit","prototype","island","aesthetic","source","content","ensemble","theatrical","case","prison","architectural","food","secondary","bfi","improve","humanity","memorial","ethnic","invite","disable","rural","staff","agency","country","particular"
"worship","egyptian","publisher","us","debate","military","ceramic","interpretation","reality","monument","form","library","enable","hear","--","dialect","+","regeneration","energy","primary","screening","family","stakeholder","labour","testimony","website","youth","local_community","phase","identify","land","challenge"
"catholic","burn","letter","humanity","legislation","migrant","commercial","v","live","prehistoric","critical","historian","allow","instrument","tour","corpus","activism","model","water","educator","filmmaking","intervention","university","german","everyday","university","skill","enhance","legacy","concern","china","involve"
"england","critical","poem","many","decision","arm","clothe","photograph","mobile","analysis","commission","medieval","analysis","sing","pageant","pattern","comic","home","conservation","children","italian","live","enable","camp","genocide","output","help","country","1","policy-maker","chinese","often"
"bishop","textual","poet","idea","principle","northern_ireland","dress","physical","allow","stone","installation","archival","method","perform","director","dictionary","lgbt","architect","weather","high","popular","home","skill","maternal","tell","involve","inclusive","scottish","grant","improve","transnational","method"
"pilgrimage","saint","novel","mind","copyright","first_world_war","weave","curatorial","application","hoard","tate","first","large","composition","dramatic","scot","campaign","spatial","coastal","course","interview","train","ahrc","diaspora","representation","3","involve","visit","proposal","citizen","politic","potential"
